building_id,building_name,location,total_floor_area,number_of_floors,occupant_count,building_age,floor_area_per_floor,occupant_density,hvac_efficiency,lighting_power_density,equipment_power_density,outdoor_temperature,humidity,occupancy_hours,weekday_numeric,has_elevator_numeric,floor_height,building_type_numeric,climate_zone_numeric,is_single_story,is_low_rise,is_mid_rise,is_high_rise,hvac_floor_factor,vertical_lighting_factor,vertical_occupancy_impact,elevator_energy_estimate,stack_effect_intensity,envelope_efficiency_score,floor_compactness,thermal_mass_effect,comprehensive_efficiency_score,cooling_degree_hours,heating_degree_hours,humidity_comfort_penalty,usage_intensity,energy_consumption_kwh
B00000,"Rodriguez, Webb and Mckinney Building",Andrewtown,19039.735882944442,40,176,14,475.99339707361105,0.00924382570651406,0.620398112763112,11.122469973523323,9.146676689370468,31.674278966041257,21.733982294320384,9.82581224315629,3,1,3.335958989163251,1,2,0,0,0,1,2.6683789796262882,70.34467664633279,0.0584630870523992,4000,12.909199152175317,0.6880000000000001,1.0,0.5148244925581905,0.5559248994383303,328.18269518499017,0.0,0.28266017705679614,0.0908280958006687,38864.538457413095
B00001,"Anderson, Dunn and Wilson Building",North Jenniferport,47560.35816729085,7,469,21,6794.3368810415495,0.00986115365974157,0.8224552613990849,11.13217118588473,8.26626033801607,15.045516418543842,70.98095209422665,15.482537760437134,5,1,3.591621625881838,1,4,0,0,1,0,0.6432610983009602,29.452956510049983,0.026090160223870645,700,1.7484511539598677,0.474,1.0,0.5258031831091796,0.587832375311439,0.0,70.90760595494778,0.20980952094226651,0.15267568389842168,69148.40082413383
B00002,Perez Inc Building,Fuentesmouth,36733.70011966455,32,925,15,1147.9281287395172,0.025181236765877073,0.6067546962794447,9.76337209429527,6.249543556168961,35.6649179760885,87.54062081207316,10.95091042978174,1,1,4.766986939365799,1,1,0,0,0,1,1.941615028094223,55.229972920989525,0.14244658620652548,3200,20.844955366246023,0.765,1.0,0.620209368047825,0.562814270552482,423.9580314261241,0.0,0.37540620812073155,0.27575746833424664,110592.33299734822
B00003,Harris-Davis Building,North Allisonside,30133.59496775331,48,1390,3,627.7832284948606,0.04612791807573815,0.8162706558591113,7.228177272649714,4.926481039221118,33.47431756074536,52.91645864751957,11.45809028002112,6,1,3.8097617468829217,1,2,0,0,0,1,3.977765632612928,50.07828112937577,0.3195835910182131,0,20.982919734967027,0.776,1.0,0.41532831566586903,0.6635885641944762,371.3836214578887,0.0,0.02916458647519569,0.5285378497412258,193941.63316272196
B00004,Newman PLC Building,East Daniel,8222.922701900608,19,1337,37,432.7854053631899,0.16259425613851045,0.5986526475435564,5.065605186514693,6.734866424010644,29.06316218229121,43.78380464517849,12.560662682317323,1,1,3.504217698670333,0,3,0,0,0,1,1.3956319390585978,22.080461095893053,0.7087319313079349,1900,4.702663006275128,0.44099999999999995,1.0,0.673270301965711,0.5380023420512706,265.5158923749891,0.0,0.06216195354821508,2.0422916054381326,169335.99211400017
B00005,Ochoa-Rodriguez Building,Greerport,8221.728756642031,6,1266,46,1370.2881261070052,0.15398221438249776,0.643278835277024,19.55352593642031,9.104199932252751,23.91348187861866,56.34815984896449,9.996157696415148,2,1,4.356854736855948,3,4,0,0,1,0,0.5012562352807979,47.896161216506385,0.3771778547009686,600,0.500205755204864,0.324,1.0,0.7283904220866121,0.46864217242972966,141.92356508684787,0.0,0.06348159848964492,1.5392304974106523,160460.22849348368
B00006,Myers-Lang Building,West Sherrimouth,3375.1388023258733,20,1360,16,168.75694011629366,0.40294639114183917,0.7415587339570162,19.152488445558905,3.69999926741762,19.821402347318248,70.99060439792615,19.53790292128,3,1,3.060580271043597,0,6,0,0,0,1,1.612084204254383,85.65253220509798,1.8020310437627431,2000,1.3335545988679323,0.336,1.0,0.6368405429788999,0.46303754096730415,43.71365633563795,0.0,0.2099060439792615,7.872727472609373,127591.88307140961
B00007,Dominguez LLC Building,North Deannafort,43375.71921585929,27,1917,14,1606.5081191058996,0.044195232601448024,0.6307488445424366,12.254755687642028,4.844928343007472,16.34548179658226,20.04833321374345,20.67114359569998,3,1,4.55021352900238,1,5,0,0,0,1,1.8312063228651387,63.677578456019,0.2296451649540973,2700,6.946901611879042,0.43,1.0,0.5744728776977002,0.4770864158068226,0.0,39.70843688202578,0.2995166678625655,0.9135659993498934,189648.20921093784
B00008,Davis Ltd Building,Lake Lisafort,30255.193081288835,43,1215,9,703.6091414253217,0.04015839517981495,0.8561797712214051,19.925776299125086,14.371887203629145,39.3039690372243,82.10482059122975,14.3085587506496,0,1,4.395785421704353,0,2,0,0,0,1,3.8550502787979495,130.6620531305066,0.2633362076262623,4300,32.70774997752526,0.7280000000000001,1.0000000000000002,0.46994750716552547,0.6112987875484935,511.29525689338317,0.0,0.32104820591229755,0.5746087567621859,160419.4301743105
B00009,"Anderson, Adkins and Simpson Building",North Shawnton,35549.59260090425,37,1667,7,960.7998000244393,0.04689223920832211,0.7721791339132749,15.104814961733648,9.514264212376068,19.914941569275584,82.04540017748253,19.023880630936723,1,1,3.1101665637411404,1,4,0,0,0,1,2.8570627954791172,91.87900247632138,0.2852343556181628,3700,2.3994052354336914,0.558,1.0,0.5202960415914036,0.5370414728369797,45.95859766261401,0.0,0.32045400177482536,0.8920723612164506,327622.91666342865
B00010,"Parker, Gonzalez and Curry Building",Crawfordton,1518.9324676422211,48,1367,14,31.64442640921294,0.8999741786558425,0.8878876066197151,6.032863064113123,3.7613916439204544,27.240039921509,57.89085535260962,14.22326864273113,2,1,3.9960576948533157,2,1,0,0,0,1,4.261860511774632,41.79690136859834,6.235204011727956,4800,10.050960887848607,0.774,1.0,0.6569181831521093,0.6915904060820123,221.76095811621596,0.0,0.0789085535260962,12.80057451454335,149498.11469076373
B00011,Wright-Berry Building,Lewisberg,48510.537682018716,7,1748,6,6930.076811716959,0.036033408070179504,0.7198412560359004,6.76577298623941,11.317053105234876,26.95308170692688,28.566513632292555,10.625237178181823,2,1,3.8083008310002944,2,3,0,0,1,0,0.5194730713661136,17.90055274870831,0.09533543664380283,700,1.3203977626351397,0.6579999999999999,1.0,0.4773608617824891,0.597448722243289,214.87396096624514,0.0,0.21433486367707444,0.3828635070838682,283537.64912993705
B00012,Burns-Hudson Building,North Claudia,41705.91071962088,5,1062,85,8341.182143924176,0.02546401653088404,0.9446399438703337,18.741662658044564,3.741634440948417,14.654927574228312,67.02640562295349,14.354688981300454,0,1,3.3162784243199175,3,5,0,0,1,0,0.47231997193516684,41.907631714757045,0.056939271943235094,500,1.2179152605326906,0.1,1.0,0.8848936656887324,0.4472179118174495,0.0,80.28173821852052,0.1702640562295349,0.36552803751553375,148427.23543370617
B00013,Bradford-Lawrence Building,West Jenniferport,11010.78597857467,11,723,15,1000.9805435067882,0.06566288740938649,0.8044459298147947,14.450783032244427,11.866490724556476,18.171734091083447,29.649196407431933,16.91179832770623,0,1,3.3080895281419913,2,4,0,0,0,1,0.9566384030229991,47.92782524478904,0.21777916018828666,0,1.3930671000652814,0.51,1.0,0.6496517627785027,0.563149392877887,4.121618186002735,0.0,0.20350803592568067,1.110477509482425,75032.83290876722
B00014,Rios-Dyer Building,New Johnburgh,9500.33587675148,15,1126,52,633.3557251167654,0.11852212538668912,0.6941811031241565,17.64775439986027,11.999552660640322,36.47116981202369,55.52830060028765,8.655909025230223,5,1,3.3203964248400033,1,2,0,0,0,1,1.407123857684101,68.34945888861749,0.4590342177797543,0,7.207503076064405,0.384,1.0,0.8171929547213738,0.5354093729738951,443.30807548856853,0.0,0.05528300600287651,1.0259167348241103,148867.12722958368
B00015,"Hays, Powell and Stone Building",Ryanland,9578.523237744974,3,850,72,3192.8410792483246,0.08874019291935355,0.4992091312758084,18.474044744507665,10.812947708991032,23.729600370621093,26.55409803867819,18.47175025091792,2,1,4.199324768929902,0,3,0,1,0,0,0.23400428028553516,31.997984118788075,0.15370252280978428,300,0.21789461030098475,0.196,1.0,0.8191033449657807,0.4145081626101476,137.51040889490622,0.0,0.23445901961321808,1.6391866808245736,97416.17222933019
B00016,White Group Building,South Donnamouth,15559.991026497117,5,877,34,3111.9982052994233,0.05636250037076218,0.6356072739304485,11.719130169235791,11.786454535432195,26.642877173525093,61.23457368082509,19.88172750407657,0,0,3.342213302621639,1,2,0,0,1,0,0.3828959481508726,26.204771695579847,0.12603038221088134,0,0.7758742925896961,0.528,1.0,0.7116745913113791,0.5426102487912118,207.42905216460224,0.0,0.11234573680825094,1.1205838738199083,124258.7311810315
B00017,Ramos Ltd Building,North Loribury,26475.443365795774,23,697,1,1151.1062332954684,0.02632628244860557,0.8644088332638402,5.727889273650396,4.0555893721566925,22.52675396355313,42.26485275825912,21.75952412333698,5,1,3.119191879909903,0,3,0,0,0,1,1.9881403165068323,27.469991940617362,0.12625641525865694,2300,0.3779007377398144,0.693,1.0,0.4220231150433592,0.6598581954221636,108.64209512527512,0.0,0.07735147241740883,0.5728473780182158,107211.03254906343
B00018,Garrett and Sons Building,East Alyssa,21881.27842278473,37,339,96,591.3859033185062,0.015492696242418958,0.4722130098684443,7.82420523345983,11.721366628263212,28.967070012580177,78.1693990316252,9.644328963988912,3,1,4.915153977650766,4,4,0,0,0,1,3.359977185602392,47.59278242345269,0.09423839219667805,0,12.670362097414786,0.1,1.0,0.9885988044651848,0.48810973052040474,263.2096803019242,0.0,0.28169399031625203,0.14941665910104335,56716.61659971836
B00019,"Pena, Conley and Wyatt Building",North Melissaside,14915.842439803075,9,1756,69,1657.315826644786,0.11772717545702256,0.6140304237021792,5.998579209536526,4.640259836686596,22.596863181678433,75.99622883458903,8.001497501732358,2,0,3.078343509753233,0,3,0,0,1,0,0.8437059256976508,17.99573762860958,0.3531815263710677,0,0.16536149113774223,0.217,1.0,0.9191951863141933,0.5435859398056093,110.3247163602824,0.0,0.2599622883458903,0.9419937003053729,704479.7651205182
B00020,"Obrien, Mcmahon and Hernandez Building",South Christophershire,30786.718288757784,15,1217,94,2052.4478859171854,0.03953003332753414,0.3782043785690287,7.8310976854776095,7.074070887262126,14.7174747388368,89.89317128321088,9.172261904354597,4,1,4.327792096563872,1,6,0,0,0,1,1.0703897506670623,30.329710918378233,0.15309916075256388,0,4.727588290243327,0.1,1.0000000000000002,1.0385034661155945,0.4138116571630738,0.0,78.78060626791678,0.39893171283210876,0.362579818768009,139656.3277283238
B00021,"Riley, Miller and Kelley Building",North Joseberg,7404.946102276071,3,104,86,2468.3153674253567,0.01404466670838203,0.5013415624816064,11.157993896838152,14.312943042007594,15.433649799629348,38.025222229305534,22.78586886057773,1,1,4.872065847373097,0,4,0,1,0,0,0.26386398025347707,19.326212339867123,0.02432607631428882,300,0.9597507165935204,0.1,1.0000000000000002,0.8705690682501398,0.46046056952747483,0.0,61.59240480889564,0.11974777770694466,0.32001993380771476,20147.022101686598
B00022,"Hamilton, Bell and Flores Building",Helenport,14961.160102493299,29,794,20,515.9020724997689,0.05307075083486867,0.6063533632551941,6.772952157724782,9.03450573190968,13.202035321564841,24.326076494570625,20.248891536660174,1,1,3.07587066619137,4,5,0,0,0,1,1.9538052816000697,36.4734636001852,0.2857947396841388,2900,7.847806428210085,0.4,1.0,0.6066330891506894,0.4939057748730659,0.0,115.15115228244382,0.25673923505429375,1.074623877424373,112069.97720657867
B00023,Hunter PLC Building,Matthewside,18634.91124303774,6,658,80,3105.81854050629,0.03531006890337822,0.7909510213609058,7.500998717080149,14.609117184996165,18.67093465343693,51.01022856041914,21.366970348178672,4,1,4.9314637640384404,1,5,0,0,1,0,0.47457061281654345,18.373619418117602,0.0864916515957922,600,0.9850299074815111,0.1,1.0,0.8796922013653831,0.4450050830667945,16.102431682486326,0.0,0.010102285604191366,0.7544691952506282,118948.1228912065
B00024,Walls-Perry Building,Stacymouth,23075.46421874328,17,1782,7,1357.3802481613693,0.07722488193986375,0.6629468519432197,11.687326731075188,4.06706950664085,22.492916773394036,25.838233447659956,16.272220754655557,4,1,4.004678215567407,0,4,0,0,0,1,1.1270096483034735,48.18808259332777,0.3184063451639119,1700,0.3355754209648083,0.558,1.0000000000000002,0.5471711215473654,0.5125037701261537,107.83000256145687,0.0,0.24161766552340044,1.2566203266776759,234488.06313468266
B00025,Allen-Phillips Building,North Joshuaberg,39366.210088954176,26,362,7,1514.0850034213145,0.009195703604233269,0.6963334589311769,10.102564255827343,8.73067919475816,20.065648695383796,32.49498005460342,16.427517993022008,6,1,4.570170434499645,0,4,0,0,0,1,1.8761315991928085,51.513172277788584,0.04688907211920094,2600,2.298481936996126,0.558,1.0,0.4500145697621441,0.5428541616722584,49.57556868921111,0.0,0.17505019945396583,0.15106258641703937,81363.60412275669
B00026,Smith Group Building,Port Christopherport,10383.852216838806,21,939,50,494.4691531828003,0.09042886786055042,0.6944815713916955,12.014871862820614,3.748827843322448,34.69975757330346,61.81100989530867,12.776089437426952,3,1,4.250243843983254,2,1,0,0,0,1,1.9445483998967474,55.05905977657054,0.4143971319801316,2100,11.335183953662671,0.45,1.0,0.8462711287607749,0.5788827122855635,400.794181759283,0.0,0.11811009895308672,1.155327303511656,93777.93207008498
B00027,"Hill, Peters and Oconnor Building",Wendymouth,25954.604701473774,8,950,2,3244.325587684222,0.036602368285965706,0.6446204274713743,11.43758041638593,10.562523148791417,28.74391822639829,61.4491595941009,21.484048831490618,2,1,4.233693962657971,1,4,0,0,1,0,0.5209053959364641,32.35036269117179,0.10352713128997512,800,2.2841348703809192,0.588,1.0,0.5227028877739404,0.5182473212523654,257.8540374335589,0.0,0.11449159594100898,0.7863670676038907,172739.95550926475
B00028,"Nguyen, Pratt and Underwood Building",New Jennifer,29824.5211586711,21,993,47,1420.2152932700524,0.03329475080981469,0.8213403132973187,14.667170389698253,3.9444840164221966,17.651544758000142,23.032923441078324,21.27631332934055,0,1,4.577517048426809,0,3,0,0,0,1,1.7248146579243693,67.21341854160718,0.15257571583066806,2100,4.180076880960807,0.371,1.0,0.6588579304621716,0.5019096456926654,0.0,8.36292580799659,0.26967076558921677,0.7083895504519323,161087.34621214657
B00029,Cooper Ltd Building,West Loristad,2799.2954296398875,11,1298,14,254.48140269453523,0.4636881074631626,0.8075339955245912,19.057843233137817,5.104413630484528,31.055413150340648,51.00333259927951,14.274741531554584,1,1,3.130880045586203,0,2,0,0,0,1,0.8882873950770503,63.20771531773179,1.5378794722053037,1100,3.1186553570634477,0.6880000000000001,1.0,0.5984536843889918,0.5696825803168265,313.32991560817555,0.0,0.010033325992795099,6.619027885292351,150506.828599847
B00030,Anderson-Taylor Building,Lake Julieport,30573.4701691212,38,1680,31,804.5650044505579,0.0549496014259048,0.5427083678136827,6.617965076663637,6.105963720831365,17.344354214727616,57.11530850070692,13.268273127543582,4,1,3.7847797583034812,0,3,0,0,0,1,2.4405820091029518,40.79587658974498,0.33873209248741154,3800,6.695825693373337,0.48299999999999993,1.0,0.5565426979501668,0.5075700215040614,0.0,15.735498846537212,0.07115308500706917,0.7290863199685631,279687.7540057816
B00031,Olsen-Hill Building,Lake Carrie,8940.94412252093,8,1689,50,1117.6180153151163,0.18890622476273575,0.7140926653190842,6.488902239637923,11.984926219973799,7.41635580549732,38.76169664739906,19.813972340048398,6,1,4.939136190373865,2,5,0,0,1,0,0.5712741322552674,18.353387104418207,0.5343074901523223,800,5.762448386288312,0.25,1.0,0.6512934144437262,0.46574466070171183,0.0,254.0074606680643,0.11238303352600937,3.742982712311812,243432.9438941595
B00032,Smith PLC Building,Gonzalezburgh,3720.053852771336,42,1052,61,88.5727107802699,0.28279160507751505,0.5539452509733384,17.79209166636353,4.967545425816898,8.510550325763976,81.04302273128458,8.41869021340694,2,1,3.109174561198568,1,7,0,0,0,1,3.3475828116374404,115.30593257200545,1.8326990641939347,4200,17.615242584115244,0.11700000000000002,1.0000000000000002,0.7408293137227266,0.40073561131100877,0.0,227.74679218166457,0.3104302273128458,2.380734918099716,133437.12731081186
B00033,Harris LLC Building,Youngland,47469.834094039994,24,1776,41,1977.909753918333,0.03741323377034897,0.5290824479510474,12.595950569786886,13.159584639516813,29.163054220824904,31.276905335249534,21.759182376294206,0,1,3.52559160976879,3,3,0,0,0,1,1.5972300315503318,61.707303442593805,0.183286664729638,2400,6.060960926702207,0.413,1.0,0.6591857648407984,0.4654190191569024,267.9133012997977,0.0,0.18723094664750467,0.8140813768959525,160180.15918768133
B00034,Smith PLC Building,Ashleybury,48298.78563719069,35,655,14,1379.965303919734,0.0135614175668972,0.8186030001623713,16.49607535352663,4.58284726596961,21.18772730651441,37.77312635043501,15.139967829026766,6,1,4.344213886087106,2,4,0,0,0,1,3.0807639791056984,97.59209789948676,0.08023042829769252,3500,1.235040210015315,0.516,1.0,0.5226320897306362,0.5587020540138956,76.50545535634586,0.0,0.12226873649564993,0.20531942567882205,125517.54415669538
B00035,"Roberts, Washington and Campbell Building",Lake Joshua,40515.668731764825,14,635,5,2893.9763379832016,0.0156729487597511,0.9167484088787333,8.231328554109222,3.422933388841876,9.173915338492456,30.98960905229271,15.061507944685774,1,1,3.2008712432460342,1,6,0,0,0,1,1.3163566896720273,30.798811287446036,0.05864280449945219,1400,5.747650377904196,0.38,1.0,0.5136343330771393,0.5823405672656532,0.0,211.82603187618105,0.1901039094770729,0.23605824226164426,102777.46368934396
B00036,Smith-Hansen Building,South Marcusview,15578.381574081848,14,1532,75,1112.7415410058463,0.0983414093893314,0.6751657899868652,17.432938597513274,7.7405450276360135,28.278938610812286,28.158264370939065,18.705245558198314,2,1,4.073347139159658,1,3,0,0,0,1,0.9452321059816111,65.22808347656209,0.3679598608673521,1400,3.580681527823588,0.175,1.0,0.8776389364261845,0.3734068370621434,246.69452665949487,0.0,0.21841735629060935,1.8395002111667533,278792.48798719165
B00037,"Johnson, Hicks and Koch Building",North Davidview,5334.769643316002,10,148,5,533.4769643316001,0.02774252871170005,0.6654191876767015,18.85769936289044,14.753299703655541,29.82107500264238,81.52854288049882,18.331989764968505,1,1,4.426740838587419,2,2,0,0,0,1,0.6654191876767015,59.63328141743992,0.08772957878158892,1000,3.4621872115852232,0.76,1.0,0.5094303536047105,0.5380285360553783,283.70580006341714,0.0,0.31528542880498817,0.5085757523972302,30679.239227678267
B00038,Perez-Murray Building,Feliciaton,34369.53481235177,12,1670,64,2864.127901029314,0.048589543301000196,0.5162745470877917,14.532245233197324,4.324106733465326,25.11245803451385,39.45014155489873,12.255585056901868,3,1,4.514840759710057,2,3,0,0,0,1,0.9110727301549266,50.34117418389678,0.16831911542780062,1200,1.6862702876532216,0.252,1.0,0.7947777416268642,0.44317266175619796,170.6989928283324,0.0,0.10549858445101272,0.5954932808014243,178925.9273372668
B00039,Burns LLC Building,West Allenstad,22287.548440110266,38,725,29,586.5144326344807,0.03252937405601947,0.7367687591841545,6.588185322107034,4.2206213284755485,13.929046220552411,70.57668136274994,23.09245767222555,6,1,4.1223791862462615,0,6,0,0,0,1,3.2745278185962423,40.61230185375127,0.20052452893874212,0,12.643182111949129,0.284,1.0,0.6790279748694709,0.5318092230495048,0.0,97.70289070674212,0.20576681362749938,0.7511831934926214,126921.86314146513
B00040,Johnson LLC Building,Lake Dylanland,6540.892624816552,44,1606,75,148.65665056401255,0.2455322372831403,0.43660013348896126,18.42942221234508,12.013998129547486,29.95792352030514,49.958765180767486,23.78127966932249,1,1,4.001260618206462,0,2,0,0,0,1,3.0736649397622875,122.2469571627803,1.628676610009375,0,14.010359433178193,0.2,0.9999999999999999,0.8246674054629698,0.3848331586323898,286.99016448732334,0.0,0.0004123481923251404,5.83907080266481,174275.39647649968
B00041,"Campbell, Edwards and Perry Building",East Phillip,25011.257050507873,46,771,5,543.7229793588668,0.03082611955260938,0.6069579680440481,16.88731591055107,6.745940327922783,17.465117782959666,64.51114365137417,16.415824228738963,3,1,4.427777459129699,2,3,0,0,0,1,2.792006653002621,114.53534903463891,0.2090729149050667,4600,9.23654665979288,0.6649999999999999,1.0,0.5505613051398723,0.49710593527521596,0.0,12.83717320896801,0.1451114365137417,0.506036160229729,119020.49477492337
B00042,"Reeves, Murray and Swanson Building",East Kyle,2202.2317952033104,34,1843,96,64.77152338833265,0.8368782995569519,0.7894272198115129,16.263166647717348,11.607379406708603,22.5436431285341,84.97233373205465,16.98209277072555,3,1,3.2901192314396717,0,4,0,0,0,1,2.6840525473591437,94.82974238069237,4.879797106556522,3400,0.6081412421582246,0.1,1.0,1.0713335079836919,0.40040800539700205,109.0474350848184,0.0,0.3497233373205465,14.211944920883205,244567.58422448556
B00043,Herring-Bentley Building,Kimberlystad,45511.35990289971,41,1558,36,1110.0331683634076,0.034233211297664025,0.7665443629492174,5.550922833588733,5.400127073320361,3.920043253332541,79.12255069302746,16.86908741477798,3,1,4.361035839895129,2,5,0,0,0,1,3.832721814746086,35.54324853587144,0.21919950498523252,4100,32.32740913594792,0.32,1.0,0.6743546388732135,0.5757263981700179,0.0,337.918961920019,0.29122550693027466,0.5774830338688596,188228.21891197542
B00044,Turner-Johnson Building,South Christophermouth,13309.609089200838,10,1941,79,1330.9609089200837,0.14583448597110868,0.4458528741324207,16.984437878854568,8.520863930377955,1.661560794805349,24.82904746941665,15.772598530852175,0,1,4.838490656371652,2,6,0,0,0,1,0.736946899392431,53.709508474819415,0.46116913706857593,1000,9.84073480595172,0.1,1.0,0.8972395240080052,0.37674783324325073,0.0,392.1225409246716,0.2517095253058335,2.3001887991754906,156488.79610654793
B00045,Mcdonald PLC Building,West Edward,33294.85307552211,17,264,19,1958.5207691483592,0.007929153476099553,0.7470470939640851,7.069265157025355,6.1834785329870146,29.601319660411576,79.16417746954524,23.12299285884521,5,1,4.365506139792257,0,3,0,0,0,1,1.2699800597389446,29.147326937914155,0.0326927373036919,1700,5.641213300168556,0.567,1.0,0.6406557438991243,0.5705113051700302,278.43167184987783,0.0,0.2916417746954524,0.18334575920453763,67326.78827049701
B00046,Perez-Matthews Building,Mooreburgh,15929.698266425843,17,1118,64,937.0410744956379,0.07018337581172819,0.6385986086731409,8.335792642953326,8.418338578549044,7.55382546753833,51.6276460696488,11.916039183638595,0,1,3.0930072711561287,3,6,0,0,0,1,1.5964965216828524,34.369353540143166,0.28937347163417493,1700,7.595960887780053,0.144,1.0,0.8214791580936268,0.5105808714148466,0.0,250.7081887790801,0.016276460696487974,0.8363078562125863,461675.61763800104
B00047,Sanchez and Sons Building,New Michael,26243.367048301636,3,1491,22,8747.789016100545,0.05681435607160368,0.8431126640693549,13.657022523038863,12.229165111023645,37.84716540765135,44.51020088159197,9.727330820086225,3,0,4.011972364278523,2,2,0,1,0,0,0.25293379922080644,23.654656890015808,0.09840535131532689,0,1.9073516900294345,0.6240000000000001,1.0,0.5387815011781895,0.5911966386676145,476.3319697836325,0.0,0.0548979911840803,0.5526520368386635,183040.63621594844
B00048,Pineda Ltd Building,North Randy,27562.15882749234,31,1565,34,889.1018976610433,0.056780748191573596,0.7069194435856373,8.974711593753245,12.14411928573194,27.929761158150388,67.06715478231399,22.872756549197298,2,1,4.452550575967788,1,2,0,0,0,1,2.6403015362837055,49.96907937837674,0.3161418262758687,0,8.184794052622918,0.528,1.0,0.692140668684285,0.5891999761434393,238.3142677956093,0.0,0.17067154782313992,1.2987322300671376,163924.58625523173
B00049,"Williams, Martin and Williams Building",East Steven,9650.295548513588,1,1595,56,9650.295548513588,0.1652799121002749,0.7969457018798737,14.920223094678796,9.189267452084684,18.486069122478266,86.51455111694736,11.408613027378443,5,0,3.08648843159873,0,6,1,0,0,0,0.07969457018798737,14.920223094678796,0.1652799121002749,0,0.10845707002908406,0.17600000000000002,1.0,0.7817546928435595,0.4328246149654659,11.66565893947839,0.0,0.3651455111694736,1.88561455835116,249978.27779414877
B00050,Green-Castillo Building,West Ericside,48494.439074345646,12,685,17,4041.2032561954707,0.014125330926085013,0.8611185997789531,14.121056715486224,14.140462124652611,26.916471518535328,26.58948483116962,19.986485656673374,5,1,4.524396540633443,4,4,0,0,0,1,1.1293358685625614,48.91677537556766,0.048931581675406365,1200,2.6692880076700907,0.49799999999999994,1.0,0.6752953103621342,0.5884822539468625,213.99531644484787,0.0,0.2341051516883038,0.2823157239499629,103399.48173878799
B00051,Sanchez LLC Building,Rodriguezborough,38869.07475637517,39,101,76,996.6429424711582,0.0025984667922519643,0.8411032695489445,6.622243970198939,6.1654092293792875,37.13038234283714,73.76539211751674,11.261972947713842,3,1,3.563205612652724,3,2,0,0,0,1,3.2803027512408836,41.355900338798236,0.016227419916518226,3900,21.02593868137579,0.192,1.0,0.7986006883197294,0.496167489436821,459.1291762280913,0.0,0.2376539211751674,0.029263862719874387,39190.52916616152
B00052,Weaver Group Building,North Shaunburgh,47005.19760742736,4,1633,89,11751.29940185684,0.03474083895228572,0.9132614630618093,14.840218693872595,5.883736213430797,20.84647312793893,34.24556215305688,23.36297624995774,6,1,4.17754638147262,0,4,0,1,0,0,0.36530458522472375,29.68043738774519,0.06948167790457144,400,0.1927564804124064,0.1,1.0,0.9522936682077671,0.45483586135811216,68.31535507053428,0.0,0.1575443784694312,0.811649395345858,202937.68395348106
B00053,"Hill, Williams and Walker Building",Laurenberg,44793.95384616862,42,1102,56,1066.5227106230623,0.02460153447906135,0.6082434741647716,18.85932364737395,10.365676814105205,7.140924826942157,46.60952859788992,20.65794832539695,2,1,4.932687078798051,3,5,0,0,0,1,3.548086932627835,122.22238630598214,0.1594361657417371,0,30.78397060579316,0.22,1.0,0.8033861864322274,0.44450132870595516,0.0,260.6178041533882,0.033904714021100804,0.5082172279939208,185527.91486239727
B00054,Brown-Best Building,Romeroland,30096.048951148714,13,46,17,2315.080688549901,0.001528439831908376,0.7844208429051368,7.416648577787496,10.455564410601468,9.833858147467001,81.16761113842749,22.699490753837743,1,1,4.989858969880084,0,5,0,0,0,1,1.11447770030238,26.74110673930989,0.005510868185407211,1300,7.891953166720387,0.415,1.0,0.6089788490802642,0.5652572296510029,0.0,195.98740446079196,0.31167611138427487,0.0346948058322015,28607.107390136425
B00055,George Ltd Building,Nicolefurt,46132.77463364428,34,1798,74,1356.8463127542436,0.03897446044116177,0.4420356083323653,13.95593031414331,3.558480474779688,14.744138405126618,58.20594288086376,23.215757121786545,0,1,4.268815394525342,0,6,0,0,0,1,2.385588997349273,81.37635830958291,0.22725820395996543,0,10.531137450091837,0.10400000000000001,1.0,0.7819401444759524,0.37968232158115517,0.0,78.14067827696117,0.08205942880863759,0.9048216075546893,374433.26631797734
B00056,Kane-Brown Building,Smallland,4880.378851570015,42,1797,92,116.19949646595275,0.3682091195485584,0.3813574739246118,10.127980579050412,10.293332548642772,27.735851280906566,24.72196535652984,9.350790148303997,2,1,3.9829674512331765,4,4,0,0,0,1,2.966113686080314,65.63681593133641,2.3862678265832677,4200,9.59519776192529,0.1,1.0,0.9255661438215383,0.3994576359734901,233.66043074175758,0.0,0.2527803464347016,3.4430462075903483,283197.2162968315
B00057,Estrada-Bates Building,East Donnaside,10201.151689747687,21,149,82,485.76912808322317,0.014606193940802516,0.8740446273516101,11.894175076604059,7.493233888188172,-3.048867266201639,55.563398509571684,14.93422169319916,5,1,3.355384610373851,3,6,0,0,0,1,1.8354937174383814,54.50595761759527,0.06693398934893287,2100,17.650202583785166,0.1,1.0,0.8625085971361176,0.454661832588037,0.0,505.17281438883936,0.05563398509571684,0.21813213840580703,19908.91708942494
B00058,Hill Inc Building,North William,2738.750801071634,22,876,18,124.48867277598337,0.3198538544131995,0.6405009531006131,9.30500268618455,11.96931030384671,28.560935812997617,75.2749331148997,18.369605392452954,2,1,3.416667488725493,2,4,0,0,0,1,1.5484638426608228,43.64433124447935,1.5002475595799398,2200,4.931637939334418,0.49199999999999994,1.0,0.6259973923960007,0.5202867312615066,253.4624595119428,0.0,0.25274933114899695,5.8755890888255715,120628.73373937038
B00059,Fowler Group Building,Jasonport,16603.851372781584,4,1926,45,4150.962843195396,0.11599718383153318,0.7969695247805361,10.311959545215428,12.697267974543275,29.062449787563914,57.02164114359153,20.839297666019693,2,0,3.8584000249784496,2,4,0,1,0,0,0.31878780991221445,20.623919090430856,0.23199436766306636,0,1.089990257469826,0.33,1.0,0.7720824359543051,0.5021825544457431,265.4987949015339,0.0,0.07021641143591531,2.4172998422853267,873554.7236063128
B00060,Valdez LLC Building,South Matthewton,19739.52583962936,18,689,96,1096.6403244238534,0.034904587151569445,0.3573821205850197,5.433677348998359,9.625845834564439,9.822185108919639,31.68224672853366,11.86354791063044,4,1,4.404572673886429,0,5,0,0,0,1,1.2370919558712221,23.053140601538892,0.14808762161634956,1800,9.654852725441964,0.1,1.0,0.9218538789620426,0.4158057767566608,0.0,196.26755738592868,0.18317753271466342,0.4140922419734197,104493.27414258372
B00061,"Bradshaw, Christian and Lee Building",Littlefort,13931.777072807847,5,1599,78,2786.3554145615694,0.11477358499519354,0.5404259518027363,19.72327606875831,3.020460378027181,17.80125919882359,51.15287525402723,22.633677750228614,0,0,4.538606233115488,0,3,0,0,1,0,0.44297209164158713,44.1025860287384,0.25664153807060264,0,0.9528215585727786,0.154,1.0,0.9552160792923541,0.43607689905878666,0.0,4.76977922823383,0.011528752540272294,2.5977483370196843,159793.957825034
B00062,Buck LLC Building,North Bryanburgh,41522.5067030205,19,1931,56,2185.3950896326583,0.04650489947080993,0.4598463405093779,14.371998831091224,10.636389721999706,37.27622249055234,84.70417576277545,11.535621265570153,4,1,3.4438167571282214,0,1,0,0,0,1,1.2134833985664137,62.64609052141134,0.20271015717277865,0,9.995617089730803,0.396,0.9999999999999998,0.7770067716247769,0.44115095476970795,462.6293397732562,0.0,0.34704175762775447,0.5364629072886772,514095.9013444312
B00063,"Smith, Hall and Warner Building",Ramirezmouth,18159.28967133267,2,1211,80,9079.644835666335,0.06668763051408097,0.5341837943499494,12.51058385740828,11.986575355991212,23.228814218243983,66.07427930658791,21.858822424650988,1,0,4.0708335493117085,0,3,0,1,0,0,0.17806126478331652,17.692637364352702,0.09431055151553917,0,0.10004596290997689,0.13999999999999999,1.0,0.8525921655878919,0.4697741215609702,125.49154123785559,0.0,0.1607427930658791,1.4577130733280328,160163.8162476881
B00064,James LLC Building,Hicksview,14406.258229525347,12,1842,50,1200.5215191271122,0.12786109832634102,0.6082165726332455,10.755730242504901,5.987799194778171,27.257946805745693,71.09205545560125,16.20340127462704,2,1,4.183210128869609,2,4,0,0,0,1,0.9731465162131927,37.258942505047216,0.44292383722556516,1200,2.6394115601823587,0.3,1.0,0.7099506077416825,0.4962931649903145,222.19072333789663,0.0,0.21092055455601255,2.0717846835962477,215994.8659061906
B00065,Ramirez Group Building,Port Suzannefurt,27363.4561163333,17,1846,58,1609.6150656666646,0.0674622384011689,0.4724470194045287,13.090618382360415,8.575752013689465,37.222121898839745,75.01555552146152,16.246754749923035,0,1,4.786156039934252,0,2,0,0,0,1,1.131211173222111,53.97400229512419,0.27815393466861926,0,12.38542661334704,0.336,1.0,0.7427074528857187,0.4397981814648852,461.3309255721539,0.0,0.25015555521461524,1.0960424421846309,641342.3096310288
B00066,Green Inc Building,North Cassandrachester,7475.749136250751,10,1904,18,747.574913625075,0.2546901942933437,0.7186382702836986,10.70158998073706,14.58871948094146,26.300939735286885,26.348539693533436,13.984089847711859,5,1,4.752843123528031,2,2,0,0,0,1,0.7897123849271414,33.841398924366565,0.8054011116777849,1000,2.044169184556674,0.656,1.0,0.6108883584129127,0.59525453489528,199.22255364688525,0.0,0.23651460306466565,3.5616105603293082,245028.72941945266
B00067,"Reed, Stewart and Jones Building",Karaside,40208.75054732496,34,1651,80,1182.61031021544,0.041060713837820034,0.4193247557379415,10.3986189124051,6.577386640729241,24.10532142555996,60.70755914889747,9.656083702699048,0,1,4.6347704026793854,0,3,0,0,0,1,2.376173615848335,60.6338466510627,0.2394230471563374,0,3.3176116866461056,0.13999999999999999,1.0,0.9054131696410711,0.4072945905645951,146.52771421343905,0.0,0.10707559148897466,0.39648568971056336,522787.38151125395
B00068,Pace Group Building,Richardview,4190.256862148655,6,146,81,698.3761436914425,0.03484273274959449,0.42436207245762586,11.959198125830197,5.67783901250089,32.247164489030816,46.314063522971566,13.55344100991261,0,1,4.033322980124909,0,1,0,0,1,0,0.42792814029340426,29.29393314113287,0.08534691648066722,600,2.479807440883675,0.171,1.0,0.9927459921935632,0.4142299013546159,341.9319477367396,0.0,0.03685936477028434,0.4722389229457792,16807.779359965043
B00069,Jordan-Patrick Building,Turnerside,49350.90336172561,8,199,7,6168.862920215701,0.00403234766629086,0.6977285960493462,9.139745505067863,5.530257485736122,18.652986749987942,29.741141457046798,14.827787439719568,2,1,3.130166307428623,0,5,0,0,1,0,0.5784278516471265,25.85110409981101,0.011405201515744066,800,0.8381366484563934,0.465,1.0,0.4897378026622769,0.5203427039448002,15.671681999710614,0.0,0.20258858542953204,0.059790794078810126,92331.21562014119
B00070,Burgess and Sons Building,Francismouth,38726.11608018454,11,1673,76,3520.5560072895037,0.04320082077262698,0.3857402765929936,7.700748499501781,9.705610012247956,19.449619378880946,34.189669081281664,15.66433690484753,5,1,3.668946964975887,2,3,0,0,0,1,0.6843779100843436,25.540493377739754,0.14328091313819516,1100,1.0292932363326877,0.16799999999999998,1.0,0.8438354696398734,0.3999579243437472,34.79086509314271,0.0,0.15810330918718335,0.6767122111483647,202393.8137355354
B00071,Meyer Inc Building,Gonzalezhaven,10336.426235941533,12,351,98,861.3688529951278,0.033957577985659355,0.481994160665653,13.349088472704402,14.397445215696077,28.090001592863874,74.68123316073141,19.825524646562137,3,1,4.243440962270591,2,2,0,0,0,1,1.1341039074485952,46.242598938912096,0.11763250074628882,1200,3.1011074663342053,0.1,1.0,0.8912954679071553,0.4744771387920096,242.160038228733,0.0,0.24681233160731408,0.6732267992922454,52065.54184018709
B00072,"Herrera, Green and Sullivan Building",North David,773.3447976183188,9,1592,10,85.92719973536876,2.0585901720718955,0.6110371198459285,17.641481542254517,10.304281550404257,28.45630284028732,31.304237370284095,13.633121767440938,6,0,4.275214397924772,0,4,0,0,1,0,0.5499334078613356,52.92444462676355,6.175770516215687,0,2.484187097414306,0.54,1.0,0.5096677377344027,0.4573749300765836,250.95126816689572,0.0,0.18695762629715904,28.065010485113344,245917.1787720305
B00073,Bishop LLC Building,Port Peterburgh,40865.34070851429,2,1038,69,20432.670354257145,0.02540049787921462,0.8318739056144974,7.292422665888385,6.639877442851919,-1.2821107774973817,41.86930250552035,14.505485765023783,3,1,4.6981459736012825,1,5,0,1,0,0,0.1663747811228995,10.313043036656316,0.035921728591814354,200,2.187655100124767,0.155,1.0,0.7951760063006265,0.4781771873053024,0.0,462.7706586599372,0.08130697494479648,0.3684465604114644,171009.48930804306
B00074,"Valencia, Romero and Smith Building",Smithfort,35489.43852045705,8,981,85,4436.179815057131,0.027642026498518022,0.7299296767151007,5.49101510906328,10.66283733680945,35.297791880866924,39.9411336784157,22.49757763715391,3,1,3.758787932127054,2,1,0,0,1,0,0.5839437413720806,15.530936076865743,0.07818345753136133,800,3.9986863716591774,0.135,1.0,0.9053991479730538,0.4423039513386308,415.1470051408062,0.0,0.10058866321584298,0.6218786371986749,138525.7511720282
B00075,King-Johnson Building,South Michaelville,36585.85481802887,11,1290,3,3325.9868016389883,0.03525952875547712,0.8261036018313446,8.702176177310543,10.498107571173449,29.500297207627163,23.404125474019736,20.04107671413753,4,1,4.87324427197602,4,2,0,0,0,1,0.9087139620144791,28.861853239708335,0.11694262716666448,0,4.020585844570549,0.776,1.0,0.5141281144081097,0.655192423515184,276.0071329830519,0.0,0.2659587452598026,0.7066389206928552,307355.61956148915
B00076,Martin-Colon Building,Joshuahaven,38677.882160954316,36,1845,83,1074.3856155820642,0.047701681087971896,0.7246868885806543,19.695809651807163,10.16310162875585,9.196143887436941,52.3510914467551,8.365692312060665,2,1,3.326470535975176,2,6,0,0,0,1,2.6088727988903555,118.17485791084297,0.28621008652783136,0,15.332994037910401,0.1,1.0,0.9490502391615648,0.3584468369091825,0.0,211.2925467015134,0.02351091446755099,0.39905758675001607,288732.147334083
B00077,Brown-Roberts Building,West Lisaport,4165.210260837473,10,671,44,416.52102608374724,0.16109630918490206,0.6519339264286684,17.43137110615009,4.9131144826596245,24.243291492618916,73.61508895184461,20.9934201235686,1,1,3.099731663561772,0,3,0,0,0,1,0.8358127261906005,55.122835435083,0.5094312596709939,1000,0.6953601670269601,0.392,1.0,0.6583777028554146,0.4998497113363439,149.83899582285397,0.0,0.23615088951844612,3.381962499074952,81460.90451382034
B00078,"Pearson, Jones and Clark Building",Johnburgh,18244.053562941495,21,1839,99,868.7644553781664,0.10079996715946372,0.4318923762985327,13.93799080292895,10.61480159213993,5.434232048949169,21.55068429242298,23.839102789605747,4,1,3.3533822241598257,0,6,0,0,0,1,1.7959880994592452,63.871897890020236,0.4619234795573053,0,11.66578387308818,0.1,1.0,1.0062837692503424,0.4372125673302106,0.0,301.5784308252199,0.2844931570757702,2.4029807783033394,199132.5853741318
B00079,Kramer Ltd Building,Port Robert,6235.518446493921,20,252,70,311.77592232469607,0.040413640367256615,0.8416934241398757,18.938733728647037,8.161973430173996,29.624474703556437,27.87860153359273,23.036283861885153,0,1,3.9246463018566033,1,3,0,0,0,1,1.6833868482797514,84.69659205004567,0.18073529415883072,2000,5.984673289782398,0.21,1.0,0.8957285730470439,0.43992297690636756,278.9873928853545,0.0,0.22121398466407272,0.930980091392264,37830.715362081566
B00080,Sparks Group Building,Rodriguezton,43223.61958084188,48,1820,14,900.4920746008725,0.042106607860455156,0.5950946249320785,11.67918675255867,3.2231047034764004,26.977497521274685,70.41306757182976,21.375294391937437,3,1,4.645816969256286,0,2,0,0,0,1,3.071456128681696,80.9157793860679,0.2917231365947495,0,11.099780375409136,0.6880000000000001,1.0,0.518236422099488,0.5427402914485369,215.45994051059245,0.0,0.20413067571829757,0.9000411388630959,367175.9867390027
B00081,Kennedy-Richards Building,West Kerryport,31353.257277964116,8,1753,4,3919.1571597455145,0.05591125618811076,0.8133143794865567,19.74920903862761,9.477173845769942,30.870986335551354,61.55066934710395,18.066779957396275,0,1,3.3076726819614968,1,2,0,0,1,0,0.6639301057033117,55.85919853713696,0.15814091358108576,800,2.347385533132555,0.768,1.0,0.49024231952759656,0.5987537828761994,308.9036720532325,0.0,0.11550669347103948,1.010136362692208,268228.2665304868
B00082,Pollard PLC Building,Jasmineburgh,16879.452230206134,36,424,18,468.8736730612815,0.025119298554087146,0.63517603450113,9.444530676789261,14.871200942621012,31.455929903114736,70.06733298340774,12.451073954644176,4,1,4.096372920117813,4,1,0,0,0,1,2.5127843123121627,56.667184060735565,0.15071579132452287,3600,13.944605468274526,0.738,1.0,0.5310237235394748,0.5911517104671463,322.94231767475367,0.0,0.20067332983407737,0.3127622439857256,58061.17125218924
B00083,Burns Group Building,Wallerfort,3646.13833915817,29,1660,93,125.72890824683344,0.4552761978809793,0.3263930566391076,8.604586242739087,7.1968750901278025,10.776173724904538,36.107276841399695,18.470889782081542,5,1,4.553182816853663,0,6,0,0,0,1,1.7692333911278735,46.337115014352236,2.451737358354654,2900,14.820198551183443,0.1,1.0,0.8872064127927479,0.37040502225648736,0.0,173.37183060229108,0.13892723158600304,8.409356471464713,227007.52295090354
B00084,Dickson-Walker Building,Christopherchester,15893.62492492528,42,716,99,378.4196410696495,0.04504950905674944,0.37632132125637263,14.570723017205164,14.586710619823899,5.181493954862978,76.26381483081835,19.129479534013832,3,1,3.069723231706347,4,7,0,0,0,1,3.1298010876767624,94.42907766282968,0.2919541867873696,0,21.683826666327317,0.1,1.0,1.0462408128883849,0.39202022406142695,0.0,307.64414508328855,0.2626381483081835,0.8617736615184591,106811.53404612829
B00085,"Bennett, Hernandez and Tapia Building",Lorimouth,16596.57444032398,12,352,52,1383.0478700269985,0.021209195985935556,0.7517400859813304,10.672309519255405,4.1544688999511346,-2.5740997156959193,53.59097420771937,12.504930576490729,2,1,3.0830400717478117,0,7,0,0,0,1,0.9020881031775964,36.96996464290268,0.07347081007065254,0,9.091552098074043,0.14400000000000002,1.0,0.7080127197817211,0.4273037966759456,0.0,493.778393176702,0.0359097420771937,0.26521952338731,66793.76799481962
B00086,"King, Beck and Paul Building",South Johnmouth,36615.505827734174,14,691,38,2615.393273409584,0.018871786265932358,0.6184438668054186,14.395483129643868,11.789401390407676,18.685749954520656,62.72113819252,12.085273990535034,3,1,3.9811823754100164,1,6,0,0,0,1,1.0689153253426986,53.86296578821163,0.07061175848354483,1400,1.8472487416269896,0.248,1.0,0.663513737914041,0.44429516918530965,16.45799890849574,0.0,0.1272113819252,0.2280707077146086,160690.87410274634
B00087,Rivera Inc Building,Kaylaburgh,32059.09483208305,48,1412,80,667.8978090017303,0.04404366397104091,0.8466884578867506,9.574932774540287,4.371959935954024,5.401977040967142,26.450739204058536,14.350781745476326,3,1,3.365292558940394,0,5,0,0,0,1,4.064104597856403,66.33708017824085,0.3051434549973347,4800,26.811457515434444,0.1,1.0,0.8495373696684355,0.45586757425038726,0.0,302.35255101678854,0.23549260795941465,0.6320610089195072,181572.46826202815
B00088,Lawrence and Sons Building,Michaeltown,44417.03075752816,21,1627,20,2115.0967027394363,0.036630093733229625,0.7080953331998606,14.268773852569867,6.28285888266329,20.14010590825609,34.35221083518749,18.258351504536563,5,1,3.901137991216218,0,4,0,0,0,1,1.4870001997197073,65.38773625360807,0.1678601772458523,0,1.523697735197558,0.48,1.0,0.5087649335761343,0.49337399089629747,51.36254179814614,0.0,0.1564778916481251,0.6688051270254285,212631.17636191117
B00089,Brandt and Sons Building,North Kenneth,23874.63879551649,22,1699,88,1085.2108543416587,0.07116338029453505,0.7103481795863729,9.136193908775546,9.850090023865492,6.168053104350117,74.13505171272158,12.688996308517982,3,1,3.0878709796699724,0,5,0,0,0,1,1.5627659950900203,42.852547894523646,0.3337858404557953,2200,10.755142061565744,0.1,1.0,0.9857980638716076,0.4060167875643279,0.0,283.9667254955972,0.24135051712721578,0.9029918698590165,228133.7251636321
B00090,"Gordon, Gibson and Nelson Building",South Brianborough,6419.915173945934,21,662,99,305.7102463783778,0.1031166272549219,0.6211932896844412,5.764581032283349,10.113356327720986,28.248935231933835,35.673590883214494,16.89066435485654,4,1,4.9537413005500985,0,2,0,0,0,1,1.3045059083373265,26.41662893014512,0.47253974980422603,0,6.500677794007583,0.1,1.0,1.0236659883776846,0.3889141859493496,245.97444556641204,0.0,0.14326409116785505,1.7417083403677378,81666.84083060606
B00091,"Stevens, Brown and Sandoval Building",Lake Laura,35805.616967538255,44,1859,44,813.7640219895057,0.05191922825084647,0.6555021919658968,18.68203852884775,12.302535806810056,16.503325270029762,26.477087926502108,22.387798429666923,3,1,4.308377708567889,1,3,0,0,0,1,3.6977046726281357,123.92262423830235,0.34439319902575566,4400,10.419970386254965,0.392,1.0,0.7152252184512082,0.49531381221647186,0.0,35.920193519285704,0.23522912073497892,1.1623572167038192,223426.7561684677
B00092,Crawford LLC Building,Michellechester,38158.859906536425,30,155,51,1271.9619968845475,0.004061966221727952,0.5950606533324415,18.248078028101933,10.38373688672927,17.22867718663294,61.80422975764702,12.721605198067993,5,1,4.373391997365516,2,4,0,0,0,1,2.396217395969563,99.9488396710582,0.022248305274644307,3000,6.260059502648106,0.294,1.0,0.7898671822762817,0.4521924219658943,0.0,18.51174752080945,0.11804229757647022,0.05167473060071092,68660.64390202297
B00093,Small PLC Building,Joelview,28283.221279690064,39,332,19,725.210802043335,0.011738408320498002,0.6536804044457574,19.56197223909008,10.12337645256673,-0.8336293249110099,58.35555613132129,23.45557977804019,4,1,4.019457394411335,3,6,0,0,0,1,2.8169652788270203,122.16447747784257,0.07330633646589313,0,35.79373209019181,0.32400000000000007,1.0,0.664299979297121,0.4254073705949084,0.0,452.0071037978642,0.08355556131321293,0.27533117282865166,57267.56587605849
B00094,Beard and Sons Building,East Morgan,38662.87540775077,20,131,68,1933.1437703875386,0.0033882632530155363,0.5588986541299088,15.74790764332107,13.94823704386966,17.965101573238428,62.55257502883051,15.57356765877145,0,1,4.649820361637614,0,4,0,0,0,1,1.6936322852421481,70.42678398770886,0.015152773918814618,2000,3.7523105723791073,0.192,1.0,0.8636924982755244,0.4525074138577765,0.0,0.8375622422777269,0.1255257502883051,0.052767347016566504,47242.90285058994
B00095,Arnold PLC Building,Lopezport,24942.88202003734,24,1285,97,1039.2867508348893,0.05151770348621792,0.788075212229407,15.240817666029544,8.425929026509886,5.499005305654807,63.28138474541639,9.614533402334303,2,1,4.6668155699956095,1,5,0,0,0,1,1.8913805093505767,74.66445308913605,0.2523841725224719,2400,18.481703750396424,0.1,0.9999999999999999,1.06635704503937,0.4050274086201658,0.0,300.0238726642846,0.13281384745416389,0.49531868097979653,243989.7556718348
B00096,Martinez LLC Building,Abbottland,26375.275054408707,23,1888,66,1146.7510893221177,0.0715821918863521,0.5120379398066415,13.385046051122462,5.703189344340661,24.358489035662306,55.01381421051526,8.880630299673179,3,1,3.318181342938429,3,4,0,0,0,1,1.7577421814257843,64.19242579296554,0.3432961323563874,2300,1.799955692601687,0.20400000000000001,1.0,0.7702990388152748,0.436447654119875,152.60373685589533,0.0,0.05013814210515257,0.6356949821829581,195150.77748867322
B00097,"Ferguson, Coleman and Black Building",Port Crystal,21663.280408748207,7,1932,13,3094.754344106887,0.0891831691021184,0.7283309569131036,6.88913624528784,4.941463020283563,10.722195950668313,54.5641744398059,13.41879222878904,4,0,4.536790730734146,2,5,0,0,1,0,0.5452745131969758,18.226941253072894,0.23595648657682486,0,3.581552581183081,0.435,1.0,0.6416715239771468,0.544001871030607,0.0,174.6672971839605,0.045641744398059035,1.1967304164862853,228722.24175271144
B00098,"Jacobson, Garcia and Ochoa Building",Lake Lori,1758.2467738327118,9,320,62,195.36075264807909,0.18199948082512243,0.8227218438434698,7.838529664239051,7.799935161713997,-4.997560760951829,84.69158957026238,12.140143307677967,3,0,4.133349663797367,1,7,0,0,1,0,0.7404496594591229,23.515588992717152,0.5459984424753673,0,10.04313228251663,0.11400000000000002,1.0,0.8183069644507539,0.4596396526327426,0.0,551.9414582628439,0.3469158957026238,2.2094997791399744,43902.86487983249
B00099,"Fitzgerald, Jones and Wolf Building",Lake Christyville,5840.62563616857,1,610,61,5840.62563616857,0.1044408660987486,0.5775456335627713,9.342045330088043,11.55303306232435,38.814365003476,57.37172074158182,21.499413235252035,3,1,4.524770143049917,0,2,1,0,0,0,0.08310009116011098,9.342045330088043,0.1044408660987486,100,0.7608113674207161,0.31200000000000006,1.0,0.8733251481094482,0.5146479403411615,499.54476008342397,0.0,0.07371720741581818,2.245417338904621,72983.37653883014
